folder_name,candidate_id,function_name,status,gate_status,fail,very_suspicious,suspicious,mildly_suspicious,unusual,normalish,normal,total_results,score_file,stream_file,report_file
candidate_0003279,3280,TwistCandidate_3280,REPORT,TOO_MANY_FAIL,4,0,1,0,1,0,40,46,secret_34_outputs_retry/ladder_passers_00001_b/candidate_0003279/scores_practrand_c_034BLK.txt,secret_34_outputs_retry/ladder_passers_00001_b/candidate_0003279/c_byte_stream_034BLK.bin,secret_34_outputs_retry/ladder_passers_00001_b/candidate_0003279/practrand_c_034BLK.txt
candidate_0011043,11044,TwistCandidate_11044,REPORT,TOO_MANY_FAIL,3,1,0,0,1,0,41,46,secret_34_outputs_retry/ladder_passers_00001_b/candidate_0011043/scores_practrand_c_034BLK.txt,secret_34_outputs_retry/ladder_passers_00001_b/candidate_0011043/c_byte_stream_034BLK.bin,secret_34_outputs_retry/ladder_passers_00001_b/candidate_0011043/practrand_c_034BLK.txt
candidate_0011855,11856,TwistCandidate_11856,REPORT,TOO_MANY_FAIL,4,1,0,0,2,0,39,46,secret_34_outputs_retry/ladder_passers_00001_b/candidate_0011855/scores_practrand_c_034BLK.txt,secret_34_outputs_retry/ladder_passers_00001_b/candidate_0011855/c_byte_stream_034BLK.bin,secret_34_outputs_retry/ladder_passers_00001_b/candidate_0011855/practrand_c_034BLK.txt
candidate_0015376,15377,TwistCandidate_15377,REPORT,TOO_MANY_FAIL,4,1,1,2,0,0,38,46,secret_34_outputs_retry/ladder_passers_00001_b/candidate_0015376/scores_practrand_c_034BLK.txt,secret_34_outputs_retry/ladder_passers_00001_b/candidate_0015376/c_byte_stream_034BLK.bin,secret_34_outputs_retry/ladder_passers_00001_b/candidate_0015376/practrand_c_034BLK.txt
candidate_0015681,15682,TwistCandidate_15682,REPORT,TOO_MANY_FAIL,4,0,0,0,0,0,42,46,secret_34_outputs_retry/ladder_passers_00001_b/candidate_0015681/scores_practrand_c_034BLK.txt,secret_34_outputs_retry/ladder_passers_00001_b/candidate_0015681/c_byte_stream_034BLK.bin,secret_34_outputs_retry/ladder_passers_00001_b/candidate_0015681/practrand_c_034BLK.txt
candidate_0022159,22160,TwistCandidate_22160,REPORT,PASS,0,0,0,1,1,0,44,46,secret_34_outputs_retry/ladder_passers_00001_b/candidate_0022159/scores_practrand_c_034BLK.txt,secret_34_outputs_retry/ladder_passers_00001_b/candidate_0022159/c_byte_stream_034BLK.bin,secret_34_outputs_retry/ladder_passers_00001_b/candidate_0022159/practrand_c_034BLK.txt
candidate_0025891,25892,TwistCandidate_25892,REPORT,TOO_MANY_FAIL,4,1,0,1,1,0,39,46,secret_34_outputs_retry/ladder_passers_00001_b/candidate_0025891/scores_practrand_c_034BLK.txt,secret_34_outputs_retry/ladder_passers_00001_b/candidate_0025891/c_byte_stream_034BLK.bin,secret_34_outputs_retry/ladder_passers_00001_b/candidate_0025891/practrand_c_034BLK.txt
candidate_0044754,44755,TwistCandidate_44755,REPORT,TOO_MANY_FAIL,4,0,0,1,0,0,41,46,secret_34_outputs_retry/ladder_passers_00001_b/candidate_0044754/scores_practrand_c_034BLK.txt,secret_34_outputs_retry/ladder_passers_00001_b/candidate_0044754/c_byte_stream_034BLK.bin,secret_34_outputs_retry/ladder_passers_00001_b/candidate_0044754/practrand_c_034BLK.txt
candidate_0047896,47897,TwistCandidate_47897,REPORT,TOO_MANY_FAIL,4,1,0,1,2,0,38,46,secret_34_outputs_retry/ladder_passers_00001_b/candidate_0047896/scores_practrand_c_034BLK.txt,secret_34_outputs_retry/ladder_passers_00001_b/candidate_0047896/c_byte_stream_034BLK.bin,secret_34_outputs_retry/ladder_passers_00001_b/candidate_0047896/practrand_c_034BLK.txt
candidate_0049725,49726,TwistCandidate_49726,REPORT,TOO_MANY_FAIL,2,2,0,0,1,0,41,46,secret_34_outputs_retry/ladder_passers_00001_b/candidate_0049725/scores_practrand_c_034BLK.txt,secret_34_outputs_retry/ladder_passers_00001_b/candidate_0049725/c_byte_stream_034BLK.bin,secret_34_outputs_retry/ladder_passers_00001_b/candidate_0049725/practrand_c_034BLK.txt
candidate_0075424,75425,TwistCandidate_75425,REPORT,TOO_MANY_FAIL,4,1,0,0,3,0,38,46,secret_34_outputs_retry/ladder_passers_00001_b/candidate_0075424/scores_practrand_c_034BLK.txt,secret_34_outputs_retry/ladder_passers_00001_b/candidate_0075424/c_byte_stream_034BLK.bin,secret_34_outputs_retry/ladder_passers_00001_b/candidate_0075424/practrand_c_034BLK.txt
candidate_0084063,84064,TwistCandidate_84064,REPORT,TOO_MANY_FAIL,4,1,0,1,1,0,39,46,secret_34_outputs_retry/ladder_passers_00001_b/candidate_0084063/scores_practrand_c_034BLK.txt,secret_34_outputs_retry/ladder_passers_00001_b/candidate_0084063/c_byte_stream_034BLK.bin,secret_34_outputs_retry/ladder_passers_00001_b/candidate_0084063/practrand_c_034BLK.txt
candidate_0090470,90471,TwistCandidate_90471,REPORT,TOO_MANY_FAIL,2,0,1,0,0,0,43,46,secret_34_outputs_retry/ladder_passers_00001_b/candidate_0090470/scores_practrand_c_034BLK.txt,secret_34_outputs_retry/ladder_passers_00001_b/candidate_0090470/c_byte_stream_034BLK.bin,secret_34_outputs_retry/ladder_passers_00001_b/candidate_0090470/practrand_c_034BLK.txt
candidate_0093990,93991,TwistCandidate_93991,REPORT,TOO_MANY_FAIL,5,3,0,0,0,0,38,46,secret_34_outputs_retry/ladder_passers_00001_b/candidate_0093990/scores_practrand_c_034BLK.txt,secret_34_outputs_retry/ladder_passers_00001_b/candidate_0093990/c_byte_stream_034BLK.bin,secret_34_outputs_retry/ladder_passers_00001_b/candidate_0093990/practrand_c_034BLK.txt
candidate_0094435,94436,TwistCandidate_94436,REPORT,TOO_MANY_FAIL,4,0,0,1,0,0,41,46,secret_34_outputs_retry/ladder_passers_00001_b/candidate_0094435/scores_practrand_c_034BLK.txt,secret_34_outputs_retry/ladder_passers_00001_b/candidate_0094435/c_byte_stream_034BLK.bin,secret_34_outputs_retry/ladder_passers_00001_b/candidate_0094435/practrand_c_034BLK.txt
candidate_0100717,100718,TwistCandidate_100718,REPORT,TOO_MANY_FAIL,4,0,1,0,0,0,41,46,secret_34_outputs_retry/ladder_passers_00001_b/candidate_0100717/scores_practrand_c_034BLK.txt,secret_34_outputs_retry/ladder_passers_00001_b/candidate_0100717/c_byte_stream_034BLK.bin,secret_34_outputs_retry/ladder_passers_00001_b/candidate_0100717/practrand_c_034BLK.txt
candidate_0101567,101568,TwistCandidate_101568,REPORT,TOO_MANY_FAIL,3,1,0,0,2,0,40,46,secret_34_outputs_retry/ladder_passers_00001_b/candidate_0101567/scores_practrand_c_034BLK.txt,secret_34_outputs_retry/ladder_passers_00001_b/candidate_0101567/c_byte_stream_034BLK.bin,secret_34_outputs_retry/ladder_passers_00001_b/candidate_0101567/practrand_c_034BLK.txt
candidate_0102862,102863,TwistCandidate_102863,REPORT,TOO_MANY_FAIL,4,2,1,0,0,0,39,46,secret_34_outputs_retry/ladder_passers_00001_b/candidate_0102862/scores_practrand_c_034BLK.txt,secret_34_outputs_retry/ladder_passers_00001_b/candidate_0102862/c_byte_stream_034BLK.bin,secret_34_outputs_retry/ladder_passers_00001_b/candidate_0102862/practrand_c_034BLK.txt
candidate_0106882,106883,TwistCandidate_106883,REPORT,TOO_MANY_FAIL,4,0,0,1,1,0,40,46,secret_34_outputs_retry/ladder_passers_00001_b/candidate_0106882/scores_practrand_c_034BLK.txt,secret_34_outputs_retry/ladder_passers_00001_b/candidate_0106882/c_byte_stream_034BLK.bin,secret_34_outputs_retry/ladder_passers_00001_b/candidate_0106882/practrand_c_034BLK.txt
candidate_0108170,108171,TwistCandidate_108171,REPORT,TOO_MANY_FAIL,3,1,0,1,1,0,40,46,secret_34_outputs_retry/ladder_passers_00001_b/candidate_0108170/scores_practrand_c_034BLK.txt,secret_34_outputs_retry/ladder_passers_00001_b/candidate_0108170/c_byte_stream_034BLK.bin,secret_34_outputs_retry/ladder_passers_00001_b/candidate_0108170/practrand_c_034BLK.txt
candidate_0109040,109041,TwistCandidate_109041,REPORT,TOO_MANY_FAIL,4,0,1,0,0,0,41,46,secret_34_outputs_retry/ladder_passers_00001_b/candidate_0109040/scores_practrand_c_034BLK.txt,secret_34_outputs_retry/ladder_passers_00001_b/candidate_0109040/c_byte_stream_034BLK.bin,secret_34_outputs_retry/ladder_passers_00001_b/candidate_0109040/practrand_c_034BLK.txt
candidate_0112429,112430,TwistCandidate_112430,REPORT,TOO_MANY_FAIL,4,0,0,0,1,0,41,46,secret_34_outputs_retry/ladder_passers_00001_b/candidate_0112429/scores_practrand_c_034BLK.txt,secret_34_outputs_retry/ladder_passers_00001_b/candidate_0112429/c_byte_stream_034BLK.bin,secret_34_outputs_retry/ladder_passers_00001_b/candidate_0112429/practrand_c_034BLK.txt
candidate_0115418,115419,TwistCandidate_115419,REPORT,TOO_MANY_FAIL,4,1,0,1,3,0,37,46,secret_34_outputs_retry/ladder_passers_00001_b/candidate_0115418/scores_practrand_c_034BLK.txt,secret_34_outputs_retry/ladder_passers_00001_b/candidate_0115418/c_byte_stream_034BLK.bin,secret_34_outputs_retry/ladder_passers_00001_b/candidate_0115418/practrand_c_034BLK.txt
candidate_0115614,115615,TwistCandidate_115615,REPORT,TOO_MANY_FAIL,4,0,0,1,2,0,39,46,secret_34_outputs_retry/ladder_passers_00001_b/candidate_0115614/scores_practrand_c_034BLK.txt,secret_34_outputs_retry/ladder_passers_00001_b/candidate_0115614/c_byte_stream_034BLK.bin,secret_34_outputs_retry/ladder_passers_00001_b/candidate_0115614/practrand_c_034BLK.txt
candidate_0117155,117156,TwistCandidate_117156,REPORT,TOO_MANY_FAIL,4,0,1,0,1,0,40,46,secret_34_outputs_retry/ladder_passers_00001_b/candidate_0117155/scores_practrand_c_034BLK.txt,secret_34_outputs_retry/ladder_passers_00001_b/candidate_0117155/c_byte_stream_034BLK.bin,secret_34_outputs_retry/ladder_passers_00001_b/candidate_0117155/practrand_c_034BLK.txt
candidate_0118739,118740,TwistCandidate_118740,REPORT,TOO_MANY_FAIL,4,0,0,0,1,0,41,46,secret_34_outputs_retry/ladder_passers_00001_b/candidate_0118739/scores_practrand_c_034BLK.txt,secret_34_outputs_retry/ladder_passers_00001_b/candidate_0118739/c_byte_stream_034BLK.bin,secret_34_outputs_retry/ladder_passers_00001_b/candidate_0118739/practrand_c_034BLK.txt
